"ws.mean","ws.med","fnum","site","state"
6.13723744292237,5.7,704540,"ADAK NAS","AK"
2.80988584474886,2.6,701718,"AMBLER","AK"
3.86325342465753,3.9,701625,"ANAKTUVUK PASS","AK"
3.08671232876712,2.6,702720,"ANCHORAGE/ELMENDORF","AK"
3.18744292237443,3.1,702730,"ANCHORAGE INTL AP","AK"
1.74683789954338,1.5,702735,"ANCHORAGE MERRILL FIELD","AK"
2.40703196347032,2.1,702320,"ANIAK AIRPORT","AK"
4.06696347031964,3.6,703980,"ANNETTE ISLAND AP","AK"
2.41311643835616,2.5,702075,"ANVIK","AK"
5.44437214611872,5.2,700260,"BARROW W POST-W ROGERS ARPT [NSA - ARM]","AK"
6.00284246575342,5.5,702190,"BETHEL AIRPORT","AK"
3.07639269406393,3.1,701740,"BETTLES FIELD","AK"
3.95656392694064,2.9,702670,"BIG DELTA ALLEN AAF","AK"
2.85796803652968,2,702986,"BIG RIVER LAKE","AK"
1.42799086757991,1.5,702746,"BIRCHWOOD","AK"
2.71607305936073,2.8,702606,"CHULITNA","AK"
7.54162100456621,7.2,703160,"COLD BAY ARPT","AK"
2.13078767123288,2.1,702960,"CORDOVA","AK"
5.29390410958904,4.6,700637,"DEADHORSE","AK"
3.6816095890411,3.6,703210,"DILLINGHAM (AMOS)","AK"
5.02445205479452,4.6,704890,"DUTCH HARBOR","AK"
7.74761415525114,7.4,704140,"SHEMYA AFB","AK"
4.68361872146119,4.1,702084,"EMMONAK","AK"
2.23011415525114,2.1,702650,"FAIRBANKS/EIELSON A","AK"
2.46373287671233,2.1,702610,"FAIRBANKS INTL ARPT","AK"
2.40703196347032,2.1,701940,"FORT YUKON","AK"
8.67663242009132,8.2,702040,"GAMBELL","AK"
2.47956621004566,1.7,702710,"GULKANA INTERMEDIATE FIELD","AK"
1.97707762557078,1.7,703670,"GUSTAVUS","AK"
1.40463470319635,0.1,702495,"HAYES RIVER","AK"
2.79372146118721,2.1,702647,"HEALY RIVER AIRPORT","AK"
3.56069634703196,3.1,703410,"HOMER ARPT","AK"
2.48828767123288,2.1,702607,"HOONAH","AK"
6.74630136986301,6.6,702186,"HOOPER BAY","AK"
2.75922374429224,2.6,702225,"HUSLIA","AK"
3.33805936073059,2.6,703884,"HYDABURG SEAPLANE","AK"
4.79406392694064,4.1,703400,"ILIAMNA ARPT","AK"
3.41194063926941,3.1,703810,"JUNEAU INT'L ARPT","AK"
2.97723744292237,2.6,703855,"KAKE SEAPLANE BASE","AK"
3.55377853881279,3.1,702590,"KENAI MUNICIPAL AP","AK"
3.57067351598174,3.6,703950,"KETCHIKAN INTL AP","AK"
4.69180365296804,4.1,703260,"KING SALMON ARPT","AK"
4.83344748858447,4.1,703500,"KODIAK AIRPORT","AK"
5.4360502283105,4.6,701330,"KOTZEBUE RALPH WEIN MEMORIAL","AK"
2.43246575342466,2.1,702310,"MCGRATH ARPT","AK"
6.705399543379,6.4,702185,"MEKORYUK","AK"
6.0103196347032,5.1,703430,"MIDDLETON ISLAND AUT","AK"
1.23683789954338,0,702460,"MINCHUMINA","AK"
2.54874429223744,2.3,702600,"NENANA MUNICIPAL AP","AK"
4.41743150684932,4.1,702000,"NOME MUNICIPAL ARPT","AK"
1.91706621004566,1.5,702910,"NORTHWAY AIRPORT","AK"
3.29545662100457,2.6,702740,"PALMER MUNICIPAL","AK"
1.74964611872146,1.5,703860,"PETERSBURG","AK"
7.01365296803653,6.6,701043,"POINT HOPE (AWOS)","AK"
5.96760273972603,5.7,703330,"PORT HEIDEN","AK"
5.07199771689498,4.6,703165,"SAND POINT","AK"
5.88922374429224,5.7,702035,"SAVOONGA","AK"
4.31630136986301,4.1,700197,"SELAWIK","AK"
4.28738584474886,3.6,702770,"SEWARD","AK"
5.91149543378995,5.1,701195,"SHISHMAREF (AWOS)","AK"
3.38244292237443,3.1,703710,"SITKA JAPONSKI AP","AK"
4.545399543379,4.4,703620,"SKAGWAY AIRPORT","AK"
1.21931506849315,0.9,703407,"SLEETMUTE","AK"
1.63907534246575,1.5,702595,"SOLDOTNA","AK"
5.38865296803653,5.1,702005,"SAINT MARY`S (AWOS)","AK"
7.19800228310502,6.7,703080,"ST PAUL ISLAND ARPT","AK"
2.35880136986301,2.1,702510,"TALKEETNA STATE ARPT","AK"
2.57771689497717,2.6,701780,"TANANA RALPH M CALHOUN MEM AP","AK"
4.93454337899543,4.6,703606,"TOGIAC VILLAGE AWOS","AK"
5.54076484018265,5.1,702070,"UNALAKLEET FIELD","AK"
1.38503424657534,0.5,702756,"VALDEZ PIONEER FIEL","AK"
2.75642694063927,2.1,702750,"VALDEZ WSO","AK"
4.01279680365297,3.3,702757,"WHITTIER","AK"
2.67190639269406,2.1,703870,"WRANGELL","AK"
2.84336757990868,2.6,703610,"YAKUTAT STATE ARPT","AK"
2.4286301369863,2.6,722287,"ANNISTON METROPOLITAN AP","AL"
2.68805936073059,2.5,722284,"AUBURN-OPELIKA APT","AL"
2.94280821917808,2.6,722280,"BIRMINGHAM MUNICIPAL AP","AL"
2.8177397260274,2.6,722269,"CAIRNS FIELD FORT RUCKER","AL"
3.30606164383562,3.1,722268,"DOTHAN MUNICIPAL AP","AL"
1.95851598173516,1.7,722285,"GADSEN MUNI (AWOS)","AL"
3.72055936073059,3.6,723230,"HUNTSVILLE INTL/JONES FIELD","AL"
2.9272602739726,2.6,722265,"MAXWELL AFB","AL"
3.45529680365297,3.1,722235,"MOBILE DOWNTOWN AP","AL"
3.64348173515982,3.3,722230,"MOBILE REGIONAL AP","AL"
2.75176940639269,2.6,722260,"MONTGOMERY DANNELLY FIELD","AL"
2.84449771689498,2.6,723235,"MUSCLE SHOALS REGIONAL AP","AL"
2.15094748858448,2.1,722267,"TROY AF","AL"
2.48155251141553,2.6,722286,"TUSCALOOSA MUNICIPAL AP","AL"
2.52818493150685,2.4,723448,"BATESVILLE (AWOS)","AR"
3.01666666666667,3,723444,"BENTONVILLE (AWOS)","AR"
2.40348173515982,2.6,723419,"EL DORADO GOODWIN FIELD","AR"
2.91078767123288,2.6,723445,"FAYETTEVILLE DRAKE FIELD","AR"
1.95038812785388,1.8,723447,"FLIPPIN (AWOS)","AR"
3.34155251141553,3.1,723440,"FORT SMITH REGIONAL AP","AR"
3.44603881278539,3.1,723446,"HARRISON FAA AP","AR"
3.56494292237443,3.6,723407,"JONESBORO MUNI","AR"
2.85183789954338,2.5,723405,"LITTLE ROCK AFB","AR"
2.69900684931507,2.6,723415,"MEMORIAL FLD","AR"
3.02933789954338,3,723417,"PINE BLUFF FAA AP","AR"
3.44351598173516,3.1,723449,"ROGERS (AWOS)","AR"
3.59150684931507,3.1,723443,"SILOAM SPRING(AWOS)","AR"
4.00796803652968,4.1,723434,"SPRINGDALE MUNI","AR"
3.74093607305936,3.4,723416,"STUTTGART (AWOS)","AR"
3.24058219178082,3.1,723418,"TEXARKANA WEBB FIELD","AR"
3.51361872146119,3.1,723406,"WALNUT RIDGE (AWOS)","AR"
2.51382420091324,2.1,722748,"CASA GRANDA (AWOS)","AZ"
3.27973744292237,3,722745,"DAVIS MONTHAN AFB","AZ"
3.44328767123288,3.1,722735,"DOUGLAS BISBEE-DOUGLAS INTL A","AZ"
2.72730593607306,2.6,723755,"FLAGSTAFF PULLIAM ARPT","AZ"
3.00264840182648,2.6,723783,"GRAND CANYON NATL P","AZ"
4.22574200913242,4.1,723700,"KINGMAN (AMOS)","AZ"
3.35633561643836,3.1,722785,"LUKE AFB","AZ"
2.28719178082192,2.1,723710,"PAGE MUNI (AMOS)","AZ"
2.88969178082192,2.6,722784,"DEER VALLEY/PHOENIX","AZ"
2.75849315068493,2.6,722780,"PHOENIX SKY HARBOR INTL AP","AZ"
3.58244292237443,3.1,722747,"SAFFORD (AMOS)","AZ"
1.86616438356164,2.1,722789,"SCOTTSDALE MUNI","AZ"
4.42222602739726,4.1,723747,"SHOW LOW MUNICIPAL","AZ"
3.57705479452055,3.1,722740,"TUCSON INTERNATIONAL AP","AZ"
3.54679223744292,3.1,723740,"WINSLOW MUNICIPAL AP","AZ"
3.21972602739726,3.1,722800,"YUMA INTL ARPT","AZ"
3.15675799086758,3.1,699604,"YUMA MCAS","AZ"
2.4562899543379,2.1,725958,"ALTURAS","CA"
2.77324200913242,2.6,725945,"ARCATA AIRPORT","CA"
2.85453196347032,2.6,723840,"BAKERSFIELD MEADOWS FIELD","CA"
2.77703196347032,2.5,724837,"BEALE AFB","CA"
3.45027397260274,3.1,724800,"BISHOP AIRPORT","CA"
2.40340182648402,2.1,725845,"BLUE CANYON AP","CA"
3.49184931506849,3.1,747188,"BLYTHE RIVERSIDE CO ARPT","CA"
2.5908904109589,2.6,722904,"CHULA VISTA BROWN FIELD NAAS","CA"
2.39654109589041,2.5,722880,"BURBANK-GLENDALE-PASSADENA AP","CA"
2.72295662100457,2.3,723926,"CAMARILLO (AWOS)","CA"
2.04881278538813,1.5,722926,"CAMP PENDLETON MCAS","CA"
2.20761415525114,2.1,722927,"CARLSBAD/PALOMAR","CA"
3.47170091324201,3.1,746120,"CHINA LAKE NAF","CA"
2.64214611872146,2.1,722899,"CHINO AIRPORT","CA"
3.64728310502283,3.6,724936,"CONCORD CONCORD-BUCHANAN FIEL","CA"
3.80603881278539,3.1,725946,"CRESCENT CITY FAA AI","CA"
4.93116438356164,4.4,723815,"DAGGETT BARSTOW-DAGGETT AP","CA"
4.36038812785388,4,723810,"EDWARDS AFB","CA"
5.66060502283105,5.1,745160,"TRAVIS FIELD AFB","CA"
2.89027397260274,2.6,723890,"FRESNO YOSEMITE INTL AP","CA"
1.85041095890411,2.1,722976,"FULLERTON MUNICIPAL","CA"
3.07971461187215,3.1,724935,"HAYWARD AIR TERM","CA"
3.30585616438356,2.6,747185,"IMPERIAL","CA"
2.41388127853881,2.2,722956,"JACK NORTHROP FLD H","CA"
2.72654109589041,2.1,725847,"SOUTH LAKE TAHOE","CA"
4.96400684931507,4.6,723816,"LANCASTER GEN WM FOX FIELD","CA"
3.38382420091324,3.1,747020,"LEMOORE REEVES NAS","CA"
3.15364155251142,3.1,724927,"LIVERMORE MUNICIPAL","CA"
3.25151826484018,3,722895,"LOMPOC (AWOS)","CA"
2.78809360730594,2.6,722970,"LONG BEACH DAUGHERTY FLD","CA"
3.36300228310502,3.1,722950,"LOS ANGELES INTL ARPT","CA"
2.68404109589041,2.6,724815,"MERCED/MACREADY FLD","CA"
3.1701598173516,3.1,724926,"MODESTO CITY-COUNTY AP","CA"
2.5425799086758,2.1,725955,"MONTAGUE SISKIYOU COUNTY AP","CA"
2.72811643835616,2.6,724915,"MONTEREY NAF","CA"
2.595399543379,2.1,745090,"MOUNTAIN VIEW MOFFETT FLD NAS","CA"
3.55544520547945,3.1,724955,"NAPA CO. AIRPORT","CA"
3.85797945205479,3.6,723805,"NEEDLES AIRPORT","CA"
3.95833333333333,3.6,724930,"OAKLAND METROPOLITAN ARPT","CA"
3.17204337899543,3,723927,"OXNARD AIRPORT","CA"
3.17747716894977,2.6,722868,"PALM SPRINGS INTL","CA"
2.81813926940639,2.6,747187,"PALM SPRINGS THERMAL AP","CA"
4.29787671232877,3.6,723820,"PALMDALE AIRPORT","CA"
2.98308219178082,2.6,723965,"PASO ROBLES MUNICIPAL ARPT","CA"
2.88470319634703,2.6,723910,"POINT MUGU NF","CA"
2.22486301369863,2.1,723895,"PORTERVILLE (AWOS)","CA"
3.6136301369863,3.1,725910,"RED BLUFF MUNICIPAL ARPT","CA"
2.83938356164384,2.6,725920,"REDDING MUNICIPAL ARPT","CA"
2.61514840182648,2.1,722860,"MARCH AFB","CA"
2.40574200913242,2.1,722869,"RIVERSIDE MUNI","CA"
3.32381278538813,3.1,724830,"SACRAMENTO EXECUTIVE ARPT","CA"
3.42738584474886,3.1,724839,"SACRAMENTO METROPOLITAN AP","CA"
3.53495433789954,3.6,724917,"SALINAS MUNICIPAL AP","CA"
3.20928082191781,3.1,722900,"SAN DIEGO LINDBERGH FIELD","CA"
2.6228196347032,2.6,722930,"SAN DIEGO MIRAMAR NAS","CA"
2.53934931506849,2.6,722903,"SAN DIEGO/MONTGOMER","CA"
2.87889269406393,2.6,722906,"SAN DIEGO NORTH ISLAND NAS","CA"
4.67075342465753,4.1,724940,"SAN FRANCISCO INTL AP","CA"
3.02985159817352,2.6,724945,"SAN JOSE INTL AP","CA"
3.05486301369863,2.6,722897,"SAN LUIS CO RGNL","CA"
6.29214611872146,6.2,723830,"SANDBERG","CA"
2.36676940639269,2.1,722977,"SANTA ANA JOHN WAYNE AP","CA"
2.51406392694064,2.6,723925,"SANTA BARBARA MUNICIPAL AP","CA"
3.29118721461187,2.8,723940,"SANTA MARIA PUBLIC ARPT","CA"
2.64796803652968,2.6,722885,"SANTA MONICA MUNI","CA"
2.21666666666667,2.1,724957,"SANTA ROSA (AWOS)","CA"
3.19573059360731,3.1,724920,"STOCKTON METROPOLITAN ARPT","CA"
2.28866438356164,1.5,725846,"TRUCKEE-TAHOE","CA"
3.51019406392694,3.1,690150,"TWENTYNINE PALMS","CA"
1.749600456621,1.5,725905,"UKIAH MUNICIPAL AP","CA"
2.32965753424658,2.1,722886,"VAN NUYS AIRPORT","CA"
2.01692922374429,2,723896,"VISALIA MUNI (AWOS)","CA"
3.37035388127854,3.1,724838,"YUBA CO","CA"
4.9162899543379,4.6,724698,"AKRON WASHINGTON CO AP","CO"
3.404600456621,3,724620,"ALAMOSA SAN LUIS VALLEY RGNL","CO"
2.85714611872146,2.6,724676,"ASPEN PITKIN CO SAR","CO"
3.91474885844749,3.6,724695,"AURORA BUCKLEY FIELD ANGB","CO"
4.2748401826484,3.6,724660,"COLORADO SPRINGS MUNI AP","CO"
3.00974885844749,2.6,724767,"CORTEZ/MONTEZUMA CO","CO"
2.43578767123288,1.65,725700,"CRAIG-MOFFAT","CO"
3.95804794520548,3.6,724666,"DENVER/CENTENNIAL [GOLDEN - NREL]","CO"
2.71996575342466,2.4,724625,"DURANGO/LA PLATA CO","CO"
2.40030821917808,2.1,724675,"EAGLE COUNTY AP","CO"
3.27329908675799,3,724769,"FORT COLLINS (AWOS)","CO"
3.54219178082192,3.1,724760,"GRAND JUNCTION WALKER FIELD","CO"
3.18162100456621,2.6,724768,"GREELEY/WELD (AWOS)","CO"
2.19433789954338,1.5,724677,"GUNNISON CO. (AWOS)","CO"
3.53767123287671,3.6,725715,"HAYDEN/YAMPA (AWOS)","CO"
4.52706621004566,4.1,724635,"LA JUNTA MUNICIPAL AP","CO"
4.26311643835616,3.65,724636,"LAMAR MUNICIPAL","CO"
3.36809360730594,3.1,724673,"LEADVILLE/LAKE CO.","CO"
4.48896118721461,4.1,724665,"LIMON","CO"
3.07175799086758,3,724765,"MONTROSE CO. ARPT","CO"
4.05479452054795,3.6,724640,"PUEBLO MEMORIAL AP","CO"
2.39837899543379,2.1,725717,"RIFLE/GARFIELD RGNL","CO"
4.41352739726027,4.1,724645,"TRINIDAD LAS ANIMAS COUNTY AP","CO"
2.99448630136986,3,725086,"DANBURY MUNICIPAL","CT"
4.04447488584475,4.1,725046,"GROTON NEW LONDON AP","CT"
3.47578767123288,3.1,725080,"HARTFORD BRADLEY INTL AP","CT"
2.89990867579909,2.7,725087,"HARTFORD BRAINARD FD","CT"
3.83195205479452,3.6,725045,"NEW HAVEN TWEED AIRPORT","CT"
3.03190639269406,2.6,725029,"OXFORD (AWOS)","CT"
3.78619863013699,3.4,724088,"DOVER AFB","DE"
4.00546803652968,3.6,724089,"WILMINGTON NEW CASTLE CNTY AP","DE"
2.37723744292237,2.1,722215,"CRESTVIEW BOB SIKES AP","FL"
3.39574200913242,3.1,722056,"DAYTONA BEACH INTL AP","FL"
3.48043378995434,3.1,722210,"VALPARAISO ELGIN AFB","FL"
3.91675799086758,4.1,722039,"FORT LAUDERDALE","FL"
3.040399543379,2.9,722106,"FORT MYERS PAGE FIELD","FL"
4.0563698630137,4.1,722025,"FORT LAUDERDALE HOLLYWOOD INT","FL"
3.06900684931507,3.1,722146,"GAINESVILLE REGIONAL AP","FL"
2.44269406392694,2.1,722026,"HOMESTEAD AFB","FL"
3.44683789954338,3.4,722068,"JACKSONVILLE/CRAIG","FL"
2.99111872146119,2.6,722060,"JACKSONVILLE INTL ARPT","FL"
3.7016095890411,3.6,722065,"JACKSONVILLE NAS","FL"
5.05861872146119,5.2,722010,"KEY WEST INTL ARPT","FL"
4.1275,4.1,722015,"KEY WEST NAS","FL"
2.50251141552511,2.3,722119,"LAKELAND LINDER RGN","FL"
3.41245433789954,3.1,722016,"MARATHON AIRPORT","FL"
3.79746575342466,3.6,722066,"MAYPORT NS","FL"
3.82958904109589,3.6,722040,"MELBOURNE REGIONAL AP","FL"
4.11775114155251,4.1,722020,"MIAMI INTL AP","FL"
3.62174657534247,3.6,722029,"MIAMI/KENDALL-TAMIA","FL"
3.57690639269406,3.6,722024,"MIAMI/OPA LOCKA","FL"
3.11382420091324,3.1,722038,"NAPLES MUNICIPAL","FL"
3.15170091324201,3,747946,"NASA SHUTTLE FCLTY","FL"
2.04328767123288,1.9,722055,"OCALA MUNI (AWOS)","FL"
3.28876712328767,3.1,722053,"ORLANDO EXECUTIVE AP","FL"
3.65134703196347,3.6,722050,"ORLANDO INTL ARPT","FL"
3.3021803652968,3.1,722057,"ORLANDO SANFORD AIRPORT","FL"
3.16996575342466,3.1,722245,"PANAMA CITY BAY CO","FL"
3.47849315068493,3.1,722225,"PENSACOLA FOREST SHERMAN NAS","FL"
3.64295662100457,3.6,722223,"PENSACOLA REGIONAL AP","FL"
3.4173401826484,3.1,722115,"SARASOTA BRADENTON","FL"
3.344600456621,3.1,722108,"SOUTHWEST FLORIDA I","FL"
3.12214611872146,3.1,722103,"ST LUCIE CO INTL","FL"
4.00264840182648,3.6,722104,"ST PETERSBURG ALBERT WHITTED","FL"
3.97598173515982,3.6,722116,"ST PETERSBURG CLEAR","FL"
2.55317351598174,2.6,722140,"TALLAHASSEE REGIONAL AP [ISIS]","FL"
3.25057077625571,3.1,722110,"TAMPA INTERNATIONAL AP","FL"
3.08561643835616,3,747880,"MACDILL AFB","FL"
3.59996575342466,3.6,747750,"TYNDALL AFB","FL"
3.68681506849315,3.6,747770,"VALPARAISO HURLBURT","FL"
3.76455479452055,3.6,722045,"VERO BEACH MUNICIPAL ARPT","FL"
4.14993150684931,4.1,722030,"WEST PALM BEACH INTL ARPT","FL"
3.14716894977169,3.1,722226,"WHITING FIELD NAAS","FL"
2.78198630136986,2.6,722160,"ALBANY DOUGHERTY COUNTY AP","GA"
2.12926940639269,2.1,722135,"ALMA BACON COUNTY AP","GA"
3.07956621004566,3.1,723110,"ATHENS BEN EPPS AP","GA"
4.03827625570776,3.6,722190,"ATLANTA HARTSFIELD INTL AP","GA"
2.81699771689498,2.6,722180,"AUGUSTA BUSH FIELD","GA"
2.80526255707763,2.6,722136,"BRUNSWICK GOLDEN IS","GA"
3.70555936073059,3.6,722137,"BRUNSWICK MALCOLM MCKINNON AP","GA"
2.89825342465753,2.8,722255,"COLUMBUS METROPOLITAN ARPT","GA"
2.80494292237443,2.6,722196,"DEKALB PEACHTREE","GA"
2.09544520547945,1.5,722250,"FORT BENNING LAWSON","GA"
2.51381278538813,2.5,722195,"FULTON CO ARPT BROW","GA"
3.19470319634703,3,747804,"HUNTER AAF","GA"
3.05447488584475,2.6,722170,"MACON MIDDLE GA REGIONAL AP","GA"
3.12057077625571,2.7,722270,"MARIETTA DOBBINS AFB","GA"
2.55002283105023,2.4,747810,"MOODY AFB/VALDOSTA","GA"
2.88988584474886,2.5,722175,"WARNER ROBINS AFB","GA"
1.84720319634703,1.5,723200,"ROME R B RUSSELL AP","GA"
3.11570776255708,3.1,722070,"SAVANNAH INTL AP","GA"
2.52357305936073,2.6,722166,"VALDOSTA WB AIRPORT","GA"
4.52849315068493,4.6,912180,"ANDERSEN AFB","GU"
4.9612899543379,4.6,912120,"GUAM WFO","GU"
3.26227168949772,3.1,912850,"HILO INTERNATIONAL AP","HI"
4.76688356164384,4.6,911820,"HONOLULU INTL ARPT","HI"
5.71317351598173,5.7,911900,"KAHULUI AIRPORT","HI"
3.59730593607306,3.5,911780,"BARBERS POINT NAS","HI"
3.70828767123288,3.6,911760,"KANEOHE BAY MCAS","HI"
6.3775,6.3,911904,"KAPALUA","HI"
3.87694063926941,3.6,911975,"KONA INTL AT KEAHOL","HI"
5.74575342465753,5.3,911905,"LANAI","HI"
5.98835616438356,6.2,911650,"LIHUE AIRPORT","HI"
5.32179223744292,5.1,911860,"MOLOKAI (AMOS)","HI"
4.36682648401827,4.1,725457,"ALGONA","IA"
3.61181506849315,3.1,725453,"ATLANTIC","IA"
4.23747716894977,4,725486,"BOONE MUNI","IA"
4.01933789954338,3.6,725455,"BURLINGTON MUNICIPAL AP","IA"
4.22343607305936,3.6,725468,"CARROLL","IA"
4.38908675799087,4.1,725450,"CEDAR RAPIDS MUNICIPAL AP","IA"
4.01690639269406,3.6,725469,"CHARITON","IA"
4.31995433789954,4.1,725463,"CHARLES CITY","IA"
3.09305936073059,2.6,725479,"CLARINDA","IA"
4.41087899543379,4.1,725473,"CLINTON MUNI (AWOS)","IA"
3.55131278538813,3.1,725497,"COUNCIL BLUFFS","IA"
4.48116438356164,4.1,725474,"CRESTON","IA"
2.64134703196347,2.6,725476,"DECORAH","IA"
4.1764497716895,3.6,725477,"DENISON","IA"
4.60300228310502,4.1,725460,"DES MOINES INTL AP","IA"
4.49904109589041,4.1,725470,"DUBUQUE REGIONAL AP","IA"
5.32462328767123,4.6,726499,"ESTHERVILLE MUNI","IA"
4.21932648401827,3.6,726498,"FAIR FIELD","IA"
3.52407534246575,3.4,725490,"FORT DODGE (AWOS)","IA"
3.4226598173516,3.1,725483,"FORT MADISON","IA"
3.42993150684932,3.1,725456,"KEOKUK MUNI","IA"
3.83541095890411,3.6,725493,"KNOXVILLE","IA"
3.51399543378995,3.1,725484,"LE MARS","IA"
5.10034246575342,4.6,725485,"MASON CITY MUNICIPAL ARPT","IA"
3.54232876712329,3.1,725475,"MONTICELLO MUNI","IA"
3.24861872146119,3.1,725487,"MUSCATINE","IA"
4.14827625570776,3.6,725464,"NEWTON MUNI","IA"
4.20778538812785,3.6,725488,"OELWEN","IA"
4.35365296803653,3.9,725489,"ORANGE CITY","IA"
4.9662899543379,4.6,725465,"OTTUMWA INDUSTRIAL AP","IA"
3.72182648401826,3.3,725494,"RED OAK","IA"
4.47429223744292,4.1,725495,"SHELDON","IA"
3.51141552511416,3.1,725467,"SHENANDOAH MUNI","IA"
5.27302511415525,4.6,725570,"SIOUX CITY SIOUX GATEWAY AP","IA"
5.12035388127854,4.6,726500,"SPENCER","IA"
4.82714611872146,4.1,725496,"STORM LAKE","IA"
4.06335616438356,3.6,725454,"WASHINGTON","IA"
4.6740296803653,4.6,725480,"WATERLOO MUNICIPAL AP","IA"
4.51545662100457,4.1,725478,"WEBSTER CITY","IA"
3.37663242009132,3.1,726810,"BOISE AIR TERMINAL [UO]","ID"
3.81827625570776,3.6,725867,"BURLEY MUNICIPAL ARPT","ID"
2.83780821917808,2.5,726813,"CALDWELL (AWOS)","ID"
3.25743150684931,3.1,727834,"COEUR D`ALENE(AWOS)","ID"
2.67657534246575,2.6,725865,"HAILEY/FRIEDMAN MEM","ID"
3.8416095890411,3.1,725785,"IDAHO FALLS FANNING FIELD","ID"
4.67384703196347,4.6,725866,"JOSLIN FLD MAGIC VA [TWIN FALLS - UO]","ID"
2.42267123287671,2.1,727830,"LEWISTON NEZ PERCE CNTY AP","ID"
2.99398401826484,2.6,725786,"MALAD CITY","ID"
4.25788812785388,3.6,726815,"MOUNTAIN HOME AFB","ID"
4.42400684931507,3.6,725780,"POCATELLO REGIONAL AP","ID"
1.67211187214612,1.4,726865,"SALMON/LEMHI (AWOS)","ID"
4.29172374429224,4.1,725868,"SODA SPRINGS/TIGERT","ID"
4.21301369863014,4.1,744655,"AURORA MUNICIPAL","IL"
3.40525114155251,3.1,724338,"BELLEVILLE SCOTT AFB","IL"
3.15164383561644,3.1,725314,"CAHOKIA/ST. LOUIS","IL"
4.97616438356164,4.6,724397,"CENTRAL ILLINOIS RG","IL"
4.53400684931507,4.1,725340,"CHICAGO MIDWAY AP","IL"
4.56046803652968,4.1,725300,"CHICAGO OHARE INTL AP","IL"
3.94163242009132,3.6,725347,"CHICAGO/WAUKEGAN","IL"
4.4497602739726,4.1,725316,"DECATUR","IL"
4.20803652968037,4.1,725320,"PEORIA GREATER PEORIA AP","IL"
4.26687214611872,4.1,725430,"ROCKFORD GREATER ROCKFORD AP","IL"
3.00712328767123,2.8,724339,"MARION REGIONAL","IL"
4.42841324200913,4.1,725440,"MOLINE QUAD CITY INTL AP","IL"
2.69412100456621,2.5,724335,"MOUNT VERNON (AWOS)","IL"
4.26229452054794,3.9,724396,"QUINCY MUNI BALDWIN FLD","IL"
3.1426598173516,3,724336,"SOUTHERN ILLINOIS","IL"
4.63164383561644,4.3,724390,"SPRINGFIELD CAPITAL AP","IL"
3.52824200913242,3.1,725326,"STERLING ROCKFALLS","IL"
4.70060502283105,4.15,725315,"UNIV OF ILLINOIS WI [BONDVILLE - SURFRAD]","IL"
4.22952054794521,4.1,725305,"W. CHICAGO/DU PAGE","IL"
4.1350799086758,4.1,725336,"DELAWARE CO JOHNSON","IN"
3.3453196347032,3.1,724320,"EVANSVILLE REGIONAL AP","IN"
4.47534246575342,4.1,725330,"FORT WAYNE INTL AP","IN"
4.60005707762557,4.1,725335,"GRISSOM ARB","IN"
3.17525114155251,3,724365,"HUNTINGBURG","IN"
4.29293378995434,4.1,724380,"INDIANAPOLIS INTL AP","IN"
3.93488584474886,3.6,724386,"LAFAYETTE PURDUE UNIV AP","IN"
3.37471461187215,3.1,724375,"MONROE CO","IN"
4.43969178082192,4.1,725350,"SOUTH BEND MICHIANA RGNL AP","IN"
3.64690639269406,3.6,724373,"TERRE HAUTE HULMAN REGIONAL A","IN"
4.36030821917808,4.1,724507,"CHANUTE MARTIN JOHNSON AP","KS"
5.23619863013699,5.2,724580,"CONCORDIA BLOSSER MUNI AP","KS"
6.30215753424658,6.2,724510,"DODGE CITY REGIONAL AP","KS"
4.86498858447489,4.6,724556,"EMPORIA MUNICIPAL AP","KS"
3.4983105022831,3.1,724550,"FORT RILEY MARSHALL AAF","KS"
5.58501141552511,5.1,724515,"GARDEN CITY MUNICIPAL AP","KS"
5.78236301369863,5.7,724650,"GOODLAND RENNER FIELD","KS"
5.47415525114155,5.1,724517,"GREAT BEND (AWOS)","KS"
4.98372146118721,4.6,724518,"HAYS MUNI (AWOS)","KS"
4.67317351598173,4.1,724655,"HILL CITY MUNICIPAL AP","KS"
4.19994292237443,3.6,724506,"HUTCHINSON MUNICIPAL AP","KS"
5.54853881278539,5.1,724516,"LIBERAL MUNI","KS"
3.69874429223744,3.6,724555,"MANHATTAN RGNL","KS"
5.01828767123288,4.6,724505,"MCCONNELL AFB","KS"
5.09100456621005,4.6,724509,"NEWTON (AWOS)","KS"
4.78157534246575,4.6,724475,"OLATHE JOHNSON CO INDUSTRIAL","KS"
4.19681506849315,3.95,724468,"OLATHE/JOHNSON CO.","KS"
5.50823059360731,5.2,724585,"RUSSELL MUNICIPAL AP","KS"
4.89444063926941,4.6,724586,"SALINA MUNICIPAL AP","KS"
4.24573059360731,4.1,724565,"TOPEKA FORBES FIELD","KS"
4.06382420091324,3.6,724560,"TOPEKA MUNICIPAL AP","KS"
4.7558904109589,4.6,724504,"WICHITA/COL. JABARA","KS"
5.28041095890411,5.2,724500,"WICHITA MID-CONTINENT AP","KS"
2.90041095890411,2.6,746716,"BOWLING GREEN WARREN CO AP","KY"
3.96955479452055,3.6,724210,"CINCINNATI NORTHERN KY AP","KY"
3.10261415525114,2.6,746710,"FORT CAMPBELL AAF","KY"
3.01312785388128,2.6,724240,"FORT KNOX GODMAN AAF","KY"
3.20520547945205,3,724238,"HENDERSON CITY","KY"
2.59472602739726,2.6,724236,"JACKSON JULIAN CARROLL AP","KY"
3.80591324200913,3.6,724220,"LEXINGTON BLUEGRASS AP","KY"
2.40115296803653,2.5,724243,"LONDON-CORBIN AP","KY"
2.63566210045662,2.6,724235,"LOUISVILLE BOWMAN FIELD","KY"
3.65165525114155,3.6,724230,"LOUISVILLE STANDIFORD FIELD","KY"
3.34345890410959,3.1,724350,"PADUCAH BARKLEY REGIONAL AP","KY"
1.9076598173516,1.5,724354,"SOMERSET(AWOS)","KY"
2.0340296803653,2.1,722487,"ALEXANDRIA ESLER REGIONAL AP","LA"
2.58285388127854,2.6,747540,"ENGLAND AFB","LA"
3.12966894977169,2.6,722485,"BARKSDALE AFB","LA"
3.04640410958904,3.1,722317,"BATON ROUGE RYAN ARPT","LA"
2.89797945205479,2.6,722390,"FORT POLK AAF","LA"
2.82360730593607,2.6,722406,"HOUMA-TERREBONNE","LA"
3.49187214611872,3.1,722405,"LAFAYETTE REGIONAL AP","LA"
3.61966894977169,3.1,722400,"LAKE CHARLES REGIONAL ARPT","LA"
3.55490867579909,3.3,722404,"LAKE CHARLES WB AIRP","LA"
2.77567351598173,2.6,722486,"MONROE REGIONAL AP","LA"
3.46385844748858,3.1,722314,"NEW IBERIA NAAS","LA"
2.39638127853881,2.1,722316,"NEW ORLEANS ALVIN CALLENDER F","LA"
3.48073059360731,3.4,722310,"NEW ORLEANS INTL ARPT","LA"
4.38640410958904,4.1,722315,"NEW ORLEANS LAKEFRONT AP","LA"
2.91852739726027,2.7,722329,"PATTERSON MEMORIAL","LA"
2.5171803652968,2.6,722484,"SHREVEPORT DOWNTOWN","LA"
3.29374429223744,3.1,722480,"SHREVEPORT REGIONAL ARPT","LA"
4.56060502283105,4.6,725067,"BARNSTABLE MUNI BOA","MA"
4.08594748858448,4.1,725088,"BEVERLY MUNI","MA"
5.48470319634703,5.2,725090,"BOSTON LOGAN INT'L ARPT","MA"
3.00246575342466,2.6,744910,"CHICOPEE FALLS WESTO","MA"
3.79534246575342,3.6,744904,"LAWRENCE MUNI","MA"
4.70826484018265,4.6,725066,"MARTHAS VINEYARD","MA"
5.31980593607306,5.1,725063,"NANTUCKET MEMORIAL AP","MA"
3.73882420091324,3.6,725065,"NEW BEDFORD RGNL","MA"
2.8598401826484,2.6,725075,"NORTH ADAMS","MA"
3.08962328767123,3,725098,"NORWOOD MEMORIAL","MA"
4.71512557077626,4.6,725060,"OTIS ANGB","MA"
3.3715296803653,3.1,725064,"PLYMOUTH MUNICIPAL","MA"
4.71920091324201,4.6,725073,"PROVINCETOWN (AWOS)","MA"
3.02793378995434,2.6,744915,"WESTFIELD BARNES MUNI AP","MA"
4.31619863013699,4.1,725095,"WORCHESTER REGIONAL ARPT","MA"
3.88646118721461,3.6,745940,"ANDREWS AFB","MD"
3.91630136986301,3.6,724060,"BALTIMORE BLT-WASHNGTN INT'L","MD"
3.1053196347032,2.6,724066,"HAGERSTOWN RGNL RIC","MD"
3.70243150684932,3.6,724040,"PATUXENT RIVER NAS","MD"
3.23175799086758,3.1,724045,"SALISBURY WICOMICO CO AP","MD"
2.56173515981735,2.1,726184,"AUBURN-LEWISTON","ME"
4.04441780821918,4.1,726185,"AUGUSTA AIRPORT","ME"
3.51102739726027,3.1,726088,"BANGOR INTERNATIONAL AP","ME"
3.25694063926941,3.1,726077,"BAR HARBOR (AWOS)","ME"
3.35501141552511,3.1,743920,"NAVAL AIR STATION","ME"
4.04942922374429,3.6,727120,"CARIBOU MUNICIPAL ARPT","ME"
3.31641552511416,3.1,727033,"HOULTON INTL ARPT","ME"
4.05426940639269,3.6,726083,"NORTHERN AROOSTOOK","ME"
3.61599315068493,3.6,726060,"PORTLAND INTL JETPORT","ME"
3.6076598173516,3.6,727130,"PRESQUE ISLE MUNICIP","ME"
3.20396118721461,3,726079,"ROCKLAND/KNOX(AWOS)","ME"
2.59664383561644,2.5,726064,"SANFORD MUNI (AWOS)","ME"
2.69263698630137,2.5,726073,"WATERVILLE (AWOS)","ME"
2.13140410958904,2.1,727135,"WISCASSET","ME"
3.75408675799087,3.6,726390,"ALPENA COUNTY REGIONAL AP","MI"
3.9325799086758,3.6,725374,"ANN ARBOR MUNICIPAL","MI"
4.26348173515982,4.1,725396,"BATTLE CREEK KELLOGG AP","MI"
3.6434703196347,3.6,726355,"BENTON HARBOR/ROSS","MI"
3.09831050228311,3,726384,"CADILLAC WEXFORD CO AP","MI"
3.8358904109589,3.6,727344,"CHIPPEWA CO INTL","MI"
3.88365296803653,4.1,725375,"DETROIT CITY AIRPORT","MI"
4.80417808219178,4.6,725370,"DETROIT METROPOLITAN ARPT","MI"
4.1301598173516,4.1,725376,"DETROIT WILLOW RUN AP","MI"
3.56687214611872,3.6,726480,"ESCANABA (AWOS)","MI"
4.50780821917808,4.1,726370,"FLINT BISHOP INTL ARPT","MI"
4.49255707762557,4.1,726350,"GRAND RAPIDS KENT COUNTY INT'","MI"
4.36122146118722,4.1,727440,"HANCOCK HOUGHTON CO AP","MI"
3.77119863013699,3.6,726380,"HOUGHTON LAKE ROSCOMMON CO AR","MI"
3.17228310502283,3,725378,"HOWELL","MI"
2.96538812785388,2.6,727437,"IRON MOUNTAIN/FORD","MI"
3.3933904109589,3.1,727445,"IRONWOOD (AWOS)","MI"
3.75287671232877,3.9,725395,"JACKSON REYNOLDS FIELD","MI"
3.74821917808219,3.6,726357,"KALAMAZOO BATTLE CR","MI"
4.69149543378995,4.5,725390,"LANSING CAPITAL CITY ARPT","MI"
3.57194063926941,3.4,726385,"MANISTEE (AWOS)","MI"
3.45828767123288,3.1,726487,"MENOMINEE (AWOS)","MI"
3.74640410958904,3.6,725377,"MOUNT CLEMENS SELFRIDGE FLD","MI"
4.61885844748858,4.6,726360,"MUSKEGON COUNTY ARPT","MI"
4.16654109589041,4.1,726375,"OAKLAND CO INTL","MI"
3.75912100456621,3.6,726395,"OSCODA WURTSMITH AFB","MI"
3.59454337899543,3.6,727347,"PELLSTON EMMET COUNTY AP","MI"
4.35190639269406,4.1,726379,"SAGINAW TRI CITY INTL AP","MI"
3.73425799086758,3.6,727340,"SAULT STE MARIE SANDERSON FIE","MI"
2.85471461187215,2.6,725384,"ST.CLAIR COUNTY INT","MI"
3.8875799086758,3.9,726387,"TRAVERSE CITY CHERRY CAPITAL","MI"
2.59986301369863,2.6,727504,"AITKIN NDB(AWOS)","MN"
3.75184931506849,3.6,726589,"ALBERT LEA (AWOS)","MN"
4.92996575342466,4.6,726557,"ALEXANDRIA MUNICIPAL AP","MN"
3.68417808219178,3.6,727566,"AUSTIN MUNI","MN"
3.65746575342466,3.6,727476,"BAUDETTE INTERNATIONAL AP","MN"
3.76688356164384,3.6,727550,"BEMIDJI MUNICIPAL","MN"
3.99980593607306,3.6,727507,"BENSON MUNI","MN"
2.97732876712329,2.8,726555,"BRAINERD/WIELAND","MN"
2.54535388127854,2.5,727503,"CAMBRIDGE MUNI","MN"
3.21199771689498,3.1,726558,"CLOQUET (AWOS)","MN"
1.69794520547945,1.5,727473,"CRANE LAKE (AWOS)","MN"
4.61972602739726,4.1,727452,"CROOKSTON MUNI FLD","MN"
4.11365296803653,3.8,727457,"DETROIT LAKES(AWOS)","MN"
4.63245433789954,4.3,727450,"DULUTH INTERNATIONAL ARPT","MN"
2.45159817351598,2.45,727459,"ELY MUNI","MN"
2.9188698630137,2.6,727474,"EVELETH MUNI (AWOS)","MN"
5.12915525114155,4.6,726586,"FAIRMONT MUNI(AWOS)","MN"
3.58672374429224,3.6,726563,"FARIBAULT MUNI AWOS","MN"
3.89929223744292,3.6,726579,"FLYING CLOUD","MN"
3.60028538812785,3.3,727505,"FOSSTON(AWOS)","MN"
4.37006849315068,4.1,726547,"GLENWOOD (ASOS)","MN"
3.22857305936073,3.1,727458,"GRAND RAPIDS(AWOS)","MN"
4.66437214611872,4.3,727478,"HALLOCK","MN"
3.39584474885845,3.1,727455,"HIBBING CHISHOLM-HIBBING AP","MN"
3.83584474885845,3.6,726569,"HUTCHINSON (AWOS)","MN"
3.81753424657534,3.6,727470,"INTERNATIONAL FALLS INTL AP","MN"
3.61797945205479,3.1,726583,"LITCHFIELD MUNI","MN"
2.57353881278539,2.5,726578,"LITTLE FALLS (AWOS)","MN"
4.43608447488584,4.1,726585,"MANKATO(AWOS)","MN"
5.15603881278539,4.6,726559,"MARSHALL/RYAN(AWOS)","MN"
3.53973744292237,3.6,726575,"MINNEAPOLIS/CRYSTAL","MN"
4.59033105022831,4.1,726580,"MINNEAPOLIS-ST PAUL INT'L ARP","MN"
2.43054794520548,2.1,727475,"MORA MUNI (AWOS)","MN"
4.58359589041096,4.1,726565,"MORRIS MUNI (AWOS)","MN"
4.51454337899543,4.1,726567,"NEW ULM MUNI (AWOS)","MN"
2.47785388127854,2.1,726544,"ORR","MN"
3.92555936073059,3.7,726568,"OWATONNA (AWOS)","MN"
4.03885844748858,3.6,727453,"PARK RAPIDS MUNICIPAL AP","MN"
4.34823059360731,4.1,726560,"FERGUS FALLS(AWOS)","MN"
4.43407534246575,4.1,726566,"PIPESTONE (AWOS)","MN"
3.26762557077626,3,726564,"RED WING","MN"
4.67906392694064,4.6,726556,"REDWOOD FALLS MUNI","MN"
5.65874429223744,5.2,726440,"ROCHESTER INTERNATIONAL ARPT","MN"
3.75893835616438,3.6,727477,"ROSEAU MUNI (AWOS)","MN"
2.06,2,727556,"SILVER BAY","MN"
2.75239726027397,2.6,726603,"SOUTH ST PAUL MUNI","MN"
3.45963470319635,3.1,726550,"ST CLOUD REGIONAL ARPT","MN"
3.63586757990868,3.6,726584,"ST PAUL DOWNTOWN AP","MN"
4.41689497716895,4.1,727555,"THIEF RIVER(AWOS)","MN"
2.75018264840183,2.6,727444,"TWO HARBORS","MN"
4.42060502283105,4.1,727533,"WHEATON NDB (AWOS)","MN"
4.07036529680365,3.7,726576,"WILLMAR","MN"
2.57576484018265,2.5,726588,"WINONA MUNI (AWOS)","MN"
5.56691780821918,5.1,726587,"WORTHINGTON (AWOS)","MN"
3.52982876712329,3.4,723489,"CAPE GIRARDEAU MUNICIPAL AP","MO"
4.35714611872146,4.1,724450,"COLUMBIA REGIONAL AIRPORT","MO"
2.77312785388128,2.6,724454,"FARMINGTON","MO"
3.12297945205479,3.1,724458,"JEFFERSON CITY MEM","MO"
4.39844748858448,4.1,723495,"JOPLIN MUNICIPAL AP","MO"
2.71307077625571,2.6,724459,"KAISER MEM (AWOS)","MO"
3.7362899543379,3.6,724463,"KANSAS CITY DOWNTOWN AP","MO"
4.94493150684931,4.6,724460,"KANSAS CITY INT'L ARPT","MO"
4.17335616438356,3.8,724455,"KIRKSVILLE REGIONAL AP","MO"
2.73949771689498,2.6,723300,"POPLAR BLUFF(AMOS)","MO"
3.36295662100457,3.1,724345,"ST LOUIS SPIRIT OF ST LOUIS A","MO"
4.22498858447489,4.1,724400,"SPRINGFIELD REGIONAL ARPT","MO"
4.28732876712329,4.1,724490,"ST JOSEPH ROSECRANS MEMORIAL","MO"
4.29970319634703,4.1,724340,"ST LOUIS LAMBERT INT'L ARPT","MO"
4.19106164383562,4.1,724456,"VICHY ROLLA NATL ARPT","MO"
3.29638127853881,3,724457,"FT LNRD WD AAF","MO"
4.34191780821918,4.1,724467,"WHITEMAN AFB","MO"
3.04842465753425,2.6,723306,"COLUMBUS AFB","MS"
2.81889269406393,2.6,723307,"GOLDEN TRI(AWOS)","MS"
3.50520547945205,3.1,722356,"GREENVILLE MUNICIPAL","MS"
2.89793378995434,2.6,722359,"GREENWOOD LEFLORE ARPT","MS"
2.90958904109589,3,747685,"GULFPORT BILOXI INT","MS"
1.89018264840183,1.7,722348,"HATTIESBURG LAUREL","MS"
2.92305936073059,3.1,722350,"JACKSON INTERNATIONAL AP","MS"
3.11421232876712,3,747686,"KEESLER AFB","MS"
2.33029680365297,2.1,722358,"MCCOMB PIKE COUNTY AP","MS"
2.86173515981735,2.6,722340,"MERIDIAN KEY FIELD","MS"
1.77973744292237,1.5,722345,"MERIDIAN NAAS","MS"
2.55786529680365,2.5,722357,"NATCHEZ/HARDY(AWOS)","MS"
2.9641095890411,2.6,723320,"TUPELO C D LEMONS ARPT","MS"
4.93946347031963,4.6,726770,"BILLINGS LOGAN INT'L ARPT","MT"
2.55408675799087,2.6,726797,"BOZEMAN GALLATIN FIELD","MT"
2.687899543379,2.5,726785,"BUTTE BERT MOONEY ARPT","MT"
5.59211187214612,5.1,727796,"CUT BANK MUNI AP","MT"
4.88368721461187,4.5,727680,"GLASGOW INTL ARPT","MT"
4.41263698630137,4.05,726676,"GLENDIVE(AWOS)","MT"
5.23509132420091,4.6,727750,"GREAT FALLS INTL ARPT","MT"
4.48423515981735,4.1,727770,"HAVRE CITY-COUNTY AP","MT"
3.25480593607306,2.8,727720,"HELENA REGIONAL AIRPORT","MT"
2.51666666666667,2.1,727790,"KALISPELL GLACIER PK INT'L AR","MT"
4.28601598173516,3.8,726776,"LEWISTOWN MUNICIPAL ARPT","MT"
6.38197488584475,5.7,726798,"LIVINGSTON MISSION FIELD","MT"
2.6833105022831,2.1,727730,"MISSOULA INTERNATIONAL AP","MT"
4.07309360730594,3.6,727687,"SIDNEY-RICHLAND","MT"
3.5689497716895,3.1,727686,"WOLF POINT INTL [FORT PECK - SURFRAD]","MT"
3.41213470319635,3.1,723150,"ASHEVILLE REGIONAL ARPT","NC"
4.67889269406393,4.6,723040,"CAPE HATTERAS NWS BLDG","NC"
3.07647260273973,3.1,723140,"CHARLOTTE DOUGLAS INTL ARPT","NC"
3.7649200913242,3.6,723090,"CHERRY POINT MCAS","NC"
4.70979452054794,4.6,723046,"DARE CO RGNL","NC"
4.49472602739726,4.1,746943,"ELIZABETH CITY COAST GUARD AI [NREL]","NC"
2.82337899543379,2.5,723030,"FAYETTEVILLE POPE AFB","NC"
3.32767123287671,3,723035,"FAYETTEVILLE RGNL G","NC"
2.50832191780822,2.1,746930,"FORT BRAGG SIMMONS AAF","NC"
3.38502283105023,3.1,723066,"GOLDSBORO SEYMOUR JOHNSON AFB","NC"
3.05444063926941,2.6,723170,"GREENSBORO PIEDMONT TRIAD INT","NC"
2.31167808219178,2.1,723145,"HICKORY REGIONAL AP","NC"
3.00270547945205,2.6,723069,"JACKSONVILLE (AWOS)","NC"
3.09377853881279,3.1,723067,"KINSTON STALLINGS AFB","NC"
3.01102739726027,3.1,723095,"NEW BERN CRAVEN CO REGL AP","NC"
3.41101598173516,3.1,723096,"NEW RIVER MCAF","NC"
2.7183904109589,2.5,723065,"PITT GREENVILLE ARP","NC"
3.17633561643836,3.1,723060,"RALEIGH DURHAM INTERNATIONAL","NC"
3.69397260273973,3.6,724010,"RICHMOND INTERNATIONAL AP","VA"
2.94180365296804,2.9,723068,"ROCKY MOUNT WILSON","NC"
2.79301369863014,2.6,723143,"SOUTHERN PINES AWOS","NC"
2.65479452054795,2.6,723193,"WINSTON-SALEM REYNOLDS AP","NC"
4.41692922374429,4.1,727640,"BISMARCK MUNICIPAL ARPT [ISIS]","ND"
4.98631278538813,4.6,727573,"DEVILS LAKE(AWOS)","ND"
5.69131278538813,5.1,727645,"DICKINSON MUNICIPAL AP","ND"
5.01695205479452,4.6,727530,"FARGO HECTOR INTERNATIONAL AP","ND"
5.05423515981735,4.6,727575,"GRAND FORKS AF","ND"
4.58812785388128,4.1,727576,"GRAND FORKS INTERNATIONAL AP","ND"
4.93005707762557,4.6,727535,"JAMESTOWN MUNICIPAL ARPT","ND"
5.36143835616438,4.8,727675,"MINOT AFB","ND"
5.26925799086758,5.2,727676,"MINOT FAA AP","ND"
4.06356164383562,3.6,727670,"WILLISTON SLOULIN INTL AP","ND"
5.04517123287671,4.6,725556,"AINSWORTH MUNICIPAL","NE"
5.0208105022831,4.6,725635,"ALLIANCE MUNICIPAL","NE"
4.22795662100457,3.7,725515,"BEATRICE MUNICIPAL","NE"
3.754600456621,3.6,725540,"BELLEVUE OFFUTT AFB","NE"
4.77207762557078,4.1,725628,"BREWSTER FIELD ARPT","NE"
5.00683789954338,4.6,725555,"BROKEN BOW MUNI","NE"
4.69547945205479,4.1,725636,"CHADRON MUNICIPAL AP","NE"
3.93222602739726,3.6,725565,"COLUMBUS MUNI","NE"
4.24045662100457,4.1,725533,"FALLS CITY/BRENNER","NE"
4.15576484018265,3.7,725564,"FREMONT MUNI ARPT","NE"
5.25581050228311,4.6,725520,"GRAND ISLAND CENTRAL NE REGIO","NE"
4.69865296803653,4.3,725525,"HASTINGS MUNICIPAL","NE"
4.31626712328767,3.9,725626,"IMPERIAL FAA AP","NE"
5.00090182648402,4.6,725526,"KEARNEY MUNI (AWOS)","NE"
4.48041095890411,4.1,725510,"LINCOLN MUNICIPAL ARPT","NE"
4.61197488584475,4.1,725625,"MCCOOK MUNICIPAL","NE"
5.3216894977169,5.2,725560,"NORFOLK KARL STEFAN MEM ARPT","NE"
4.60956621004566,4.1,725620,"NORTH PLATTE REGIONAL AP","NE"
4.30804794520548,4.1,725500,"OMAHA EPPLEY AIRFIELD","NE"
5.38208904109589,4.6,725566,"O`NEILL/BAKER FIELD","NE"
4.19832191780822,3.9,725524,"ORD/SHARP FIELD","NE"
4.59536529680365,4.1,725660,"SCOTTSBLUFF W B HEILIG FIELD","NE"
5.05359589041096,4.6,725610,"SIDNEY MUNICIPAL AP","NE"
4.35184931506849,3.6,725527,"TEKAMAH (ASOS)","NE"
4.31835616438356,4.1,725670,"VALENTINE MILLER FIELD","NE"
1.99616438356164,1.5,726160,"BERLIN MUNICIPAL","NH"
2.84590182648402,2.6,726050,"CONCORD MUNICIPAL ARPT","NH"
2.11699771689498,1.5,726165,"DILLANT HOPKINS","NH"
2.9526598173516,2.9,726155,"LACONIA MUNI (AWOS)","NH"
2.20215753424658,2.1,726116,"LEBANON MUNICIPAL","NH"
2.88824200913242,2.6,743945,"MANCHESTER AIRPORT","NH"
15.0902054794521,14.4,726130,"MOUNT WASHINGTON","NH"
3.70728310502283,3.6,726055,"PEASE INTL TRADEPOR","NH"
4.14243150684931,4.1,724070,"ATLANTIC CITY INTL AP","NJ"
3.88551369863014,3.6,724084,"BELMAR ASC","NJ"
2.45921232876712,2.3,724094,"CALDWELL/ESSEX CO.","NJ"
3.84581050228311,3.6,745966,"CAPE MAY CO","NJ"
3.4248401826484,3.1,724096,"MCGUIRE AFB","NJ"
3.02940639269406,3.1,724075,"MILLVILLE MUNICIPAL AP","NJ"
4.41823059360731,4.1,725020,"NEWARK INTERNATIONAL ARPT","NJ"
3.66771689497717,3.6,725025,"TETERBORO AIRPORT","NJ"
3.50133561643836,3.1,724095,"TRENTON MERCER COUNTY AP","NJ"
3.89582191780822,3.1,723650,"ALBUQUERQUE INTL ARPT [ISIS]","NM"
4.07802511415525,3.6,722687,"CARLSBAD CAVERN CITY AIR TERM","NM"
5.17110730593607,4.6,723600,"CLAYTON MUNICIPAL AIRPARK","NM"
5.25227168949772,4.6,722686,"CLOVIS CANNON AFB","NM"
5.25086757990868,4.7,722689,"CLOVIS MUNI  (AWOS)","NM"
3.94977168949772,3.6,722725,"DEMING MUNI","NM"
3.64473744292237,3.1,723658,"FARMINGTON FOUR CORNERS REGL","NM"
2.90392694063927,2.6,723627,"GALLUP SEN CLARKE FLD","NM"
3.94890410958904,3.6,747320,"HOLLOMAN AFB","NM"
3.6722602739726,3.1,722695,"LAS CRUCES INTL","NM"
5.05344748858448,4.6,723677,"LAS VEGAS MUNICIPAL ARPT","NM"
4.1090296803653,3.6,722680,"ROSWELL INDUSTRIAL AIR PARK","NM"
4.09353881278539,3.6,723656,"SATA FE COUNTY MUNICIPAL AP","NM"
3.58787671232877,3.1,722683,"SIERRA BLANCA RGNL","NM"
3.23011415525114,2.7,723663,"TAOS MUNI APT(AWOS)","NM"
3.84936073059361,3.6,722710,"TRUTH OR CONSEQUENCES MUNI AP","NM"
4.67719178082192,4.1,723676,"TUCUMCARI FAA AP","NM"
2.60003424657534,2.5,725825,"ELKO MUNICIPAL ARPT","NV"
4.24353881278539,4.1,724860,"ELY YELLAND FIELD","NV"
2.95415525114155,2.6,724885,"FALLON NAAS","NV"
3.08511415525114,2.6,725805,"LOVELOCK DERBY FIELD","NV"
3.94884703196347,3.6,723870,"MERCURY DESERT ROCK AP [SURFRAD]","NV"
3.8528196347032,3.1,723865,"NELLIS AFB","NV"
2.94670091324201,2.1,724880,"RENO TAHOE INTERNATIONAL AP","NV"
4.00820776255708,3.6,724855,"TONOPAH AIRPORT","NV"
3.47770547945205,3.1,725830,"WINNEMUCCA MUNICIPAL ARPT","NV"
2.58017123287671,2.6,726228,"ADIRONDACK RGNL","NY"
4.29163242009132,4.1,725180,"ALBANY COUNTY AP","NY"
4.56107305936073,4.1,725150,"BINGHAMTON EDWIN A LINK FIELD","NY"
5.23996575342466,4.6,725280,"BUFFALO NIAGARA INTL AP","NY"
2.7263698630137,2.6,725156,"ELMIRA CORNING REGIONAL AP","NY"
4.14804794520548,3.9,743700,"FORT DRUM/WHEELER-S","NY"
2.54907534246575,2.5,725185,"GLENS FALLS AP","NY"
4.24576484018265,4.1,725290,"ROCHESTER GREATER ROCHESTER I","NY"
4.01807077625571,3.6,725035,"ISLIP LONG ISL MACARTHUR AP","NY"
3.65028538812785,3.6,725235,"JAMESTOWN (AWOS)","NY"
3.05626712328767,2.8,725145,"MONTICELLO(AWOS)","NY"
4.90650684931507,4.6,744860,"NEW YORK J F KENNEDY INT'L AR","NY"
5.4222602739726,5.2,725030,"NEW YORK LAGUARDIA ARPT","NY"
4.80052511415525,4.6,725287,"NIAGARA FALLS AF","NY"
2.53254566210046,2.6,725036,"POUGHKEEPSIE DUTCHESS CO AP","NY"
4.1663698630137,4.1,744864,"REPUBLIC","NY"
3.83795662100457,3.6,725038,"STEWART FIELD","NY"
3.89748858447489,3.6,725190,"SYRACUSE HANCOCK INT'L ARPT","NY"
3.51898401826484,3.1,725197,"UTICA ONEIDA COUNTY AP","NY"
3.64675799086758,3.6,726227,"WATERTOWN AP","NY"
3.84608447488584,3.6,744865,"WESTHAMPTON GABRESKI AP","NY"
3.48581050228311,3.1,725037,"WHITE PLAINS WESTCHESTER CO A","NY"
4.40655251141553,4.1,725210,"AKRON AKRON-CANTON REG AP","OH"
5.33804794520548,5.1,725245,"BURKE LAKEFRONT","OH"
2.7528196347032,2.6,724297,"CINCINNATI MUNICIPAL AP LUNKI","OH"
4.55216894977169,4.1,725240,"CLEVELAND HOPKINS INTL AP","OH"
3.48599315068493,3.1,724280,"COLUMBUS PORT COLUMBUS INTL A","OH"
4.24699771689498,4.1,724290,"DAYTON INTERNATIONAL AIRPORT","OH"
3.5561301369863,3.1,745700,"DAYTON WRIGHT PATTERSON AFB","OH"
4.01578767123288,3.6,725366,"FINDLAY AIRPORT","OH"
4.91231735159817,4.6,725246,"MANSFIELD LAHM MUNICIPAL ARPT","OH"
3.62786529680365,3.6,724288,"OHIO STATE UNIVERSI","OH"
4.19869863013699,4.1,725360,"TOLEDO EXPRESS AIRPORT","OH"
4.22905251141553,4.1,725250,"YOUNGSTOWN REGIONAL AIRPORT","OH"
3.10610730593607,3.1,724286,"ZANESVILLE MUNICIPAL AP","OH"
4.56840182648402,4.1,723520,"ALTUS AFB","OK"
3.20367579908676,3.1,723565,"BARTLESVILLE/PHILLI","OK"
5.52729452054795,5.1,723526,"CLINTON-SHERMAN","OK"
5.19918949771689,5.1,723544,"OKLAHOMA CITY/WILEY","OK"
4.12384703196347,4.1,723546,"PONCA CITY MUNICIPAL AP [SGP - ARM]","OK"
4.16755707762557,4.1,723545,"STILLWATER RGNL","OK"
5.00915525114155,4.6,723535,"VANCE AFB","OK"
2.28287671232877,2.1,726959,"AURORA STATE","OR"
2.82165525114155,2.6,726830,"BURNS MUNICIPAL ARPT [UO]","OR"
2.79753424657534,2.5,726945,"CORVALLIS MUNI","OR"
3.39002283105023,3.1,726930,"EUGENE MAHLON SWEET ARPT [UO]","OR"
2.85756849315068,2.6,725895,"KLAMATH FALLS INTL AP [UO]","OR"
3.87196347031963,3.4,726884,"LA GRANDE MUNI AP","OR"
3.33200913242009,3.1,725976,"LAKEVIEW (AWOS)","OR"
2.03876712328767,2.1,725970,"MEDFORD ROGUE VALLEY INTL AP [ASHLAND - UO]","OR"
3.48501141552511,3.1,726880,"PENDLETON E OR REGIONAL AP","OR"
2.17729452054795,2.1,726986,"PORTLAND/HILLSBORO","OR"
3.37922374429224,3.1,726980,"PORTLAND INTERNATIONAL AP","OR"
3.38562785388128,2.6,726985,"PORTLAND/TROUTDALE","OR"
3.31638127853881,3.1,726835,"REDMOND ROBERTS FIELD","OR"
1.79800228310502,1.5,726904,"ROSEBURG REGIONAL AP","OR"
3.41420091324201,3.1,726940,"SALEM MCNARY FIELD","OR"
4.32053652968037,4.1,725975,"SEXTON SUMMIT","OR"
4.11853881278539,3.6,725170,"ALLENTOWN LEHIGH VALLEY INTL","PA"
3.35787671232877,3.1,725126,"ALTOONA BLAIR CO ARPT","PA"
3.68222602739726,3.6,725266,"BRADFORD REGIONAL AP","PA"
2.31067351598174,2.1,725124,"BUTLER CO. (AWOS)","PA"
4.01690639269406,3.6,725125,"DUBOIS FAA AP","PA"
4.96316210045662,4.6,725260,"ERIE INTERNATIONAL AP","PA"
3.22997716894977,3,725267,"FRANKLIN","PA"
4.20135844748858,4.1,725127,"JOHNSTOWN CAMBRIA COUNTY AP","PA"
3.43972602739726,3.1,725116,"LANCASTER","PA"
3.7834703196347,3.6,725115,"MIDDLETOWN HARRISBURG INTL AP","PA"
4.17682648401826,3.7,724080,"PHILADELPHIA INTERNATIONAL AP","PA"
3.51062785388128,3.5,724085,"PHILADELPHIA NE PHILADELPHIA","PA"
3.86753424657534,3.6,725205,"PITTSBURGH ALLEGHENY CO AP","PA"
3.92898401826484,3.6,725200,"PITTSBURGH INTERNATIONAL AP","PA"
3.04817351598173,2.6,725103,"READING SPAATZ FIELD","PA"
2.9212899543379,2.6,725128,"STATE COLLEGE [PENN STATE - SURFRAD]","PA"
2.34990867579909,2.1,725117,"WASHINGTON (AWOS)","PA"
3.62787671232877,3.6,725130,"WILKES-BARRE SCRANTON INTL AP","PA"
3.1302397260274,2.6,725140,"WILLIAMSPORT REGIONAL AP","PA"
2.55276255707763,2.6,724086,"WILLOW GROVE NAS","PA"
4.65561643835616,4.1,785140,"AQUADILLA/BORINQUEN","PR"
3.0688698630137,2.6,785145,"EUGENIO MARIA DE HO","PR"
3.52529680365297,3,785203,"MERCEDITA","PR"
3.8697602739726,4.1,785350,"ROOSEVELT ROADS","PR"
3.67561643835616,3.6,785260,"SAN JUAN INTL ARPT","PR"
2.97880136986301,2.6,785263,"SAN JUAN L M MARIN INTL AP","PR"
5.14084474885845,5.1,725058,"BLOCK ISLAND STATE ARPT","RI"
2.89049086757991,2.6,725054,"PAWTUCKET (AWOS)","RI"
4.3727397260274,4.1,725070,"PROVIDENCE T F GREEN STATE AR","RI"
3.02409817351598,2.6,723125,"ANDERSON COUNTY AP","SC"
2.9303196347032,3.1,722085,"BEAUFORT MCAS","SC"
3.62808219178082,3.6,722080,"CHARLESTON INTL ARPT","SC"
2.92231735159817,2.6,723100,"COLUMBIA METRO ARPT","SC"
3.01489726027397,3.1,723106,"FLORENCE REGIONAL AP","SC"
2.84014840182648,2.6,723119,"GREENVILLE DOWNTOWN AP","SC"
3.22792237442922,3.1,723120,"GREER GREENV'L-SPARTANBRG AP","SC"
3.96998858447489,4,747910,"MYRTLE BEACH AFB","SC"
3.31085616438356,3.1,747915,"NORTH MYRTLE BEACH GRAND STRA","SC"
3.30698630136986,3,747900,"SUMTER SHAW AFB","SC"
4.77706621004566,4.1,726590,"ABERDEEN REGIONAL ARPT","SD"
4.39196347031963,4.1,726515,"BROOKINGS (AWOS)","SD"
4.70493150684931,4.1,726525,"CHAN GURNEY MUNI","SD"
4.92122146118721,4.1,726625,"ELLSWORTH AFB","SD"
4.71633561643836,4.2,726540,"HURON REGIONAL ARPT","SD"
4.76769406392694,4.1,726545,"MITCHELL (AWOS)","SD"
4.79953196347032,4.6,726685,"MOBRIDGE","SD"
5.2,4.8,726686,"PIERRE MUNICIPAL AP","SD"
5.58582191780822,4.6,726620,"RAPID CITY REGIONAL ARPT","SD"
4.95858447488584,4.6,726510,"SIOUX FALLS FOSS FIELD","SD"
4.96399543378995,4.6,726546,"WATERTOWN MUNICIPAL AP","SD"
2.57772831050228,2.6,723240,"CHATTANOOGA LOVELL FIELD AP","TN"
2.48404109589041,2.6,723265,"CROSSVILLE MEMORIAL AP","TN"
3.11086757990868,3,723347,"DYERSBURG MUNICIPAL AP","TN"
3.14414383561644,3.1,723346,"JACKSON MCKELLAR-SIPES REGL A","TN"
2.86479452054795,2.6,723260,"KNOXVILLE MCGHEE TYSON AP","TN"
3.65107305936073,3.6,723340,"MEMPHIS INTERNATIONAL AP","TN"
3.3546803652968,3.1,723270,"NASHVILLE INTERNATIONAL AP","TN"
4.79150684931507,4.6,690190,"ABILENE DYESS AFB","TX"
5.19142694063927,4.8,722660,"ABILENE REGIONAL AP [UT]","TX"
4.47469178082192,4.1,722517,"ALICE INTL AP","TX"
5.82375570776256,5.7,723630,"AMARILLO INTERNATIONAL AP [CANYON - UT]","TX"
3.46952054794521,3.1,722540,"AUSTIN MUELLER MUNICIPAL AP [UT]","TX"
4.81428082191781,4.6,722500,"BROWNSVILLE S PADRE ISL INTL","TX"
4.81866438356164,4.6,723604,"CHILDRESS MUNICIPAL AP","TX"
3.18295662100457,3.1,722445,"COLLEGE STATION EASTERWOOD FL","TX"
5.33140410958904,5.2,722510,"CORPUS CHRISTI INTL ARPT [UT]","TX"
5.26948630136986,5.2,722515,"CORPUS CHRISTI NAS","TX"
3.52724885844749,3.5,722526,"COTULLA FAA AP","TX"
4.21552511415525,3.8,722587,"COX FLD","TX"
5.30842465753425,5.1,722636,"DALHART MUNICIPAL AP","TX"
4.39303652968036,4.1,722598,"DALLAS/ADDISON ARPT","TX"
4.56043378995434,4.1,722590,"DALLAS-FORT WORTH INTL AP","TX"
4.26957762557078,4.1,722583,"DALLAS LOVE FIELD","TX"
4.27055936073059,4.1,722599,"DALLAS/REDBIRD ARPT","TX"
3.84634703196347,3.6,722610,"DEL RIO [UT]","TX"
3.87182648401827,3.6,722615,"DEL RIO LAUGHLIN AFB","TX"
4.42788812785388,4.1,722577,"DRAUGHON MILLER CEN","TX"
3.71191780821918,3.1,722700,"EL PASO INTERNATIONAL AP [UT]","TX"
3.86527397260274,3.6,722570,"FORT HOOD","TX"
4.01970319634703,4.1,722594,"FORT WORTH ALLIANCE","TX"
4.07490867579909,4.1,722596,"FORT WORTH MEACHAM","TX"
4.08107305936073,3.6,722595,"FORT WORTH NAS","TX"
5.22123287671233,5.1,722420,"GALVESTON/SCHOLES","TX"
3.58993150684931,3.6,722547,"GEORGETOWN (AWOS)","TX"
3.47542237442922,3.2,722588,"GREENVILLE/MAJORS","TX"
5.0387100456621,4.6,722505,"HARLINGEN RIO GRANDE VALLEY I","TX"
3.589600456621,3.1,722533,"HONDO MUNICIPAL AP","TX"
3.44358447488584,3.1,722430,"HOUSTON BUSH INTERCONTINENTAL","TX"
2.82025114155251,2.7,722429,"HOUSTON/D.W. HOOKS","TX"
3.31885844748858,3,722436,"HOUSTON ELLINGTON AFB [CLEAR LAKE - UT]","TX"
3.45729452054795,3.1,722435,"HOUSTON WILLIAM P HOBBY AP","TX"
3.98866438356164,3.6,722575,"KILLEEN MUNI (AWOS)","TX"
4.05469178082192,3.6,722516,"KINGSVILLE","TX"
3.90431506849315,3.6,722535,"SAN ANTONIO KELLY FIELD AFB","TX"
5.06577625570776,5.1,722520,"LAREDO INTL AP [UT]","TX"
3.23566210045662,3.1,722470,"LONGVIEW GREGG COUNTY AP [OVERTON - UT]","TX"
5.16087899543379,4.6,722670,"LUBBOCK INTERNATIONAL AP","TX"
3.05631278538813,3.1,722446,"LUFKIN ANGELINA CO","TX"
4.1559703196347,3.6,722640,"MARFA AP","TX"
3.99891552511416,3.6,722563,"MC GREGOR (AWOS)","TX"
4.63269406392694,4.6,722506,"MCALLEN MILLER INTL AP [EDINBURG - UT]","TX"
5.2750799086758,5.2,722650,"MIDLAND INTERNATIONAL AP","TX"
3.96073059360731,3.7,722597,"MINERAL WELLS MUNICIPAL AP","TX"
2.54627853881279,2.5,722499,"NACOGDOCHES (AWOS)","TX"
4.65753424657534,4.6,722555,"PALACIOS MUNICIPAL AP","TX"
4.03049086757991,3.6,722410,"PORT ARTHUR JEFFERSON COUNTY","TX"
3.88150684931507,3.6,722536,"RANDOLPH AFB","TX"
4.37100456621005,4.1,722576,"ROBERT GRAY AAF","TX"
4.42740867579909,4.6,722524,"ROCKPORT/ARANSAS CO","TX"
4.5034703196347,4.1,722630,"SAN ANGELO MATHIS FIELD","TX"
3.82068493150685,3.6,722530,"SAN ANTONIO INTL AP","TX"
3.00511415525114,2.8,722523,"SAN ANTONIO/STINSON","TX"
3.494600456621,3.4,722448,"TYLER/POUNDS FLD","TX"
4.46313926940639,4.1,722550,"VICTORIA REGIONAL AP","TX"
4.70070776255708,4.6,722560,"WACO REGIONAL AP","TX"
5.18294520547945,4.8,723510,"WICHITA FALLS MUNICIPAL ARPT","TX"
4.19345890410959,4.1,722656,"WINK WINKLER COUNTY AP","TX"
3.54554794520548,3.4,724723,"BLANDING","UT"
3.99390410958904,3.6,724756,"BRYCE CNYN FAA AP","UT"
3.62135844748858,3.1,724755,"CEDAR CITY MUNICIPAL AP","UT"
3.51825342465753,3.1,724795,"DELTA","UT"
1.68310502283105,0.9,724735,"HANKSVILLE","UT"
2.79488584474886,2.6,724776,"MOAB/CANYONLANDS [UO]","UT"
4.58890410958904,4.1,725755,"OGDEN HILL AFB","UT"
3.05179223744292,3.1,725750,"OGDEN HINKLEY AIRPORT","UT"
3.08813926940639,2.6,725724,"PROVO MUNI (AWOS)","UT"
4.09481735159817,3.6,725720,"SALT LAKE CITY INT'L ARPT [ISIS]","UT"
2.82925799086758,2.1,724754,"SAINT GEORGE (AWOS)","UT"
2.22794520547945,2.1,725705,"VERNAL","UT"
3.09301369863014,2.5,725810,"WENDOVER USAF AUXILIARY FIELD","UT"
2.28764840182648,2.1,724058,"ABINGTON","VA"
2.39029680365297,2.4,724016,"CHARLOTTESVILLE FAA","VA"
2.85682648401826,2.6,724106,"DANVILLE FAA AP","VA"
2.39942922374429,2,724037,"DAVISON AAF","VA"
2.14882420091324,2.1,724014,"DINWIDDIE CO","VA"
1.87329908675799,1.5,724017,"FARMVILLE","VA"
2.46785388127854,2.4,723083,"FRANKLIN NAAS","VA"
3.48917808219178,3,724107,"HILLSVILLE","VA"
5.28521689497717,5.1,724115,"HOT SPRINGS/INGALLS","VA"
3.96944063926941,3.6,745980,"LANGLEY AFB","VA"
2.43526255707763,2,724055,"LEESBURG/GODFREY","VA"
3.04890410958904,3.1,724100,"LYNCHBURG REGIONAL ARPT","VA"
2.68344748858447,2.2,724036,"MANASSAS MUNI(AWOS)","VA"
2.92956621004566,2.6,724056,"MARION / WYTHEVILLE","VA"
1.48385844748858,0.9,745985,"MARTINSVILLE","VA"
3.3375799086758,3.1,724026,"MELFA/ACCOMACK ARPT","VA"
4.02450913242009,4.1,723086,"NEWPORT NEWS","VA"
4.93166666666667,4.6,723080,"NORFOLK INTERNATIONAL AP","VA"
4.37534246575343,4.1,723085,"NORFOLK NAS","VA"
4.11211187214612,4.1,723075,"OCEANA NAS","VA"
2.48189497716895,2.1,724116,"PULASKI","VA"
3.21398401826484,3.1,724035,"QUANTICO MCAS","VA"
3.40978310502283,3.1,724110,"ROANOKE REGIONAL AP","VA"
2.18407534246575,2,724033,"SHANNON ARPT","VA"
2.06428082191781,1.6,724105,"STAUNTON/SHENANDOAH","VA"
2.36409817351598,2.1,724113,"VIRGINIA TECH ARPT","VA"
3.28122146118721,3.1,724030,"WASHINGTON DC DULLES INT'L AR [STERLING - ISIS]","VA"
4.00857305936073,3.8,724050,"WASHINGTON DC REAGAN AP","VA"
2.68311643835616,2.2,724053,"WINCHESTER RGNL","VA"
2.83792237442922,2.5,724117,"WISE/LONESOME PINE","VA"
4.94074200913242,5.1,785430,"CHARLOTTE AMALIE HARRY S TRUM","VI"
4.20937214611872,4.1,726170,"BURLINGTON INTERNATIONAL AP","VT"
2.97687214611872,2.6,726145,"MONTPELIER AP","VT"
3.23680365296804,3.1,725165,"RUTLAND STATE","VT"
1.74036529680365,1.5,726115,"SPRINGFIELD/HARTNES","VT"
3.25335616438356,3.1,727976,"BELLINGHAM INTL AP","WA"
2.46850456621005,2.2,727928,"BREMERTON NATIONAL","WA"
3.72158675799087,3.1,727826,"EPHRATA AP FCWOS","WA"
3.85647260273973,3.6,727855,"FAIRCHILD AFB","WA"
2.54315068493151,2.1,727856,"FELTS FLD","WA"
2.58204337899543,2.4,742070,"GRAY AAF","WA"
3.91223744292237,3.4,727840,"HANFORD","WA"
3.9687899543379,3.6,727923,"HOQUIAM AP","WA"
2.51279680365297,2.5,727924,"KELSO WB AP","WA"
3.03745433789954,2.7,727827,"MOSES LAKE GRANT COUNTY AP","WA"
2.85633561643836,2.6,727920,"OLYMPIA AIRPORT","WA"
3.04949771689498,2.6,727825,"WENATCHEE/PANGBORN","WA"
2.95286529680365,2.6,727845,"PASCO","WA"
3.19594748858447,3.1,727857,"PULLMAN/MOSCOW RGNL","WA"
2.51654109589041,2.4,727970,"QUILLAYUTE STATE AIRPORT","WA"
2.84436073059361,2.6,727934,"RENTON MUNI","WA"
2.58151826484018,2.6,727935,"SEATTLE BOEING FIELD [ISIS]","WA"
3.75076484018265,3.6,727930,"SEATTLE SEATTLE-TACOMA INTL A","WA"
3.2265296803653,3.1,727937,"SNOHOMISH CO","WA"
4.22114155251142,3.6,727850,"SPOKANE INTERNATIONAL AP [CHENEY - UO]","WA"
3.04915525114155,3.1,727815,"STAMPEDE PASS","WA"
2.80334474885845,2.5,742060,"TACOMA MCCHORD AFB","WA"
2.90227168949772,2.6,727938,"TACOMA NARROWS","WA"
3.68388127853881,3.1,726988,"THE DALLES MUNICIPAL ARPT","WA"
1.57124429223744,1.2,727926,"TOLEDO-WINLOCK MEM","WA"
3.81421232876712,3.6,727846,"WALLA WALLA CITY COUNTY AP","WA"
3.95921232876712,3.1,690230,"WHIDBEY ISLAND NAS","WA"
2.27240867579909,2.1,727885,"WILLIAM R FAIRCHILD","WA"
3.17248858447489,2.8,727810,"YAKIMA AIR TERMINAL","WA"
3.63385844748858,3.4,726626,"ANTIGO\LANG(AWOS)","WI"
4.44933789954338,4.1,726457,"APPLETON/OUTAGAMIE","WI"
3.50672374429224,3.6,726435,"EAU CLAIRE COUNTY AP","WI"
4.22784246575343,4.1,726450,"GREEN BAY AUSTIN STRAUBEL INT","WI"
3.91342465753425,3.6,726415,"JANESVILLE/ROCK CO.","WI"
3.8837899543379,3.6,726430,"LA CROSSE MUNICIPAL ARPT","WI"
3.30751141552511,3.1,726416,"LONE ROCK FAA AP","WI"
4.17011415525114,4.1,726410,"MADISON DANE CO REGIONAL ARPT [ISIS]","WI"
4.14861872146119,3.9,726455,"MANITOWAC MUNI AWOS","WI"
3.53868721461187,3.1,726574,"MARSHFIELD MUNI","WI"
5.02190639269406,4.6,726400,"MILWAUKEE MITCHELL INTL AP","WI"
3.1975799086758,3.1,726404,"MINOCQUA/WOODRUFF","WI"
3.6861301369863,3.6,726465,"MOSINEE/CENTRAL WI","WI"
2.63813926940639,2.6,726468,"PHILLIPS/PRICE CO.","WI"
3.07458904109589,3.1,727415,"RHINELANDER ONEIDA","WI"
2.92821917808219,2.6,726467,"RICE LAKE MUNICIPAL","WI"
4.41216894977169,4.1,726458,"STURGEON BAY","WI"
3.34592465753425,3.1,726464,"WATERTOWN","WI"
3.46947488584475,3.6,726463,"WAUSAU MUNICIPAL ARPT","WI"
4.08866438356164,3.6,726456,"WITTMAN RGNL","WI"
3.18974885844749,3.1,724120,"BECKLEY RALEIGH CO MEM AP","WV"
2.53244292237443,2.6,724125,"BLUEFIELD/MERCER CO [NREL]","WV"
2.60731735159817,2.4,724140,"CHARLESTON YEAGER ARPT","WV"
2.53778538812785,2.1,724170,"ELKINS ELKINS-RANDOLPH CO ARP","WV"
2.80011415525114,3.1,724127,"LEWISBURG/GREENBRIE","WV"
2.58198630136986,2.6,724175,"HARRISON MARION RGN","WV"
3.13518264840183,3.1,724250,"HUNTINGTON TRI-STATE ARPT","WV"
2.62170091324201,2.6,724177,"MARTINSBURG EASTERN WV REG AP","WV"
2.49851598173516,2.6,724176,"MORGANTOWN HART FIELD","WV"
2.69110730593607,2.6,724273,"PARKERSBURG WOOD COUNTY AP","WV"
3.27939497716895,3.1,724275,"WHEELING OHIO COUNTY AP","WV"
5.46364155251142,5,725690,"CASPER NATRONA CO INTL AP","WY"
5.60168949771689,5.2,725640,"CHEYENNE MUNICIPAL ARPT","WY"
3.31809360730594,3.1,726700,"CODY MUNI (AWOS)","WY"
4.48158675799087,4.1,725775,"EVANSTON/BURNS FLD","WY"
4.6598401826484,4.1,726650,"GILLETTE/GILLETTE-C","WY"
3.38188356164384,2.95,725776,"JACKSON HOLE","WY"
3.09513698630137,2.6,725760,"LANDER HUNT FIELD","WY"
5.60263698630137,5.1,725645,"LARAMIE GENERAL BREES FIELD","WY"
5.29679223744292,5.1,725745,"RAWLINS MUNICIPAL AP","WY"
3.64711187214612,3.1,725765,"RIVERTON MUNICIPL AP","WY"
3.56812785388128,3.1,726660,"SHERIDAN COUNTY ARPT","WY"
2.47619863013699,2.1,726665,"WORLAND MUNICIPAL","WY"
3.17173515981735,3.1,723403,"LITTLE ROCK ADAMS FIELD","AR"
3.39156392694064,3.1,723723,"PRESCOTT LOVE FIELD","AZ"
3.7121803652968,3.1,724699,"BROOMFIELD/JEFFCO [BOULDER - SURFRAD]","CO"
3.9165296803653,3.6,725650,"DENVER INTL AP","CO"
5.01060502283105,4.6,725040,"BRIDGEPORT SIKORSKY MEMORIAL","CT"
2.78969178082192,2.6,726196,"MILLINOCKET MUNICIPAL AP","ME"
4.71288812785388,4.1,742300,"MILES CITY MUNICIPAL ARPT","MT"
3.42778538812785,3.1,723013,"WILMINGTON INTERNATIONAL ARPT","NC"
4.20267123287671,3.6,725530,"OMAHA WSFO","NE"
4.46222602739726,3.6,723860,"LAS VEGAS MCCARRAN INTL AP","NV"
3.82751141552511,4.1,726223,"MASSENA AP","NY"
5.35543378995434,5.2,725033,"NEW YORK CENTRAL PRK OBS BELV","NY"
4.00180365296804,3.6,726917,"NORTH BEND MUNI AIRPORT","OR"
3.29095890410959,3.1,725118,"HARRISBURG CAPITAL CITY ARPT","PA"
2.34178082191781,2.1,723183,"BRISTOL TRI CITY AIRPORT","TN"
3.68929223744292,3.6,722544,"CAMP MABRY","TX"
4.81384703196347,4.1,725744,"ROCK SPRINGS ARPT [GREEN RIVER - UO]","WY"
2.30746575342466,2.1,702725,"LAKE HOOD SEAPLANE","AK"
5.76905251141553,5.7,723525,"HOBART MUNICIPAL AP","OK"
5.33302511415525,5.1,723527,"GAGE AIRPORT","OK"
5.28156392694064,4.8,723530,"OKLAHOMA CITY WILL ROGERS WOR","OK"
4.71004566210046,4.1,723540,"OKLAHOMA CITY TINKER AFB","OK"
4.67577625570776,4.6,723550,"FORT SILL POST FIELD AF","OK"
4.49101598173516,4.1,723560,"TULSA INTERNATIONAL AIRPORT","OK"
3.2258904109589,3.1,723566,"MCALESTER MUNICIPAL AP","OK"
4.38221461187215,4.1,723575,"LAWTON MUNICIPAL","OK"
3.08232876712329,2.6,726886,"BAKER MUNICIPAL AP","OR"
3.88611872146119,3.6,727910,"ASTORIA REGIONAL AIRPORT","OR"
